id,post,emotion
0x61c7ed,"Suddenly, the **average** block confirmation became an unchangeable API paramter? Wow. Just wow.",anger
0xb8e3b6,Last time i knew stealing posts from other people wasnt a rule,anger
0x7c743e,And it's hard to dance with a devil on your back\nSo shake him off.,anger
0xa4aab9,Had to delete my Facebook too much for me rolling_on_the_floor_laughing,anger
0x31dccb,Still salty about that fire alarm at 2am this morning.,anger
0xc93acf,Nah. I’ll be fine tho.,anger
0xeda818,Stop bothering them! Isn’t it annoying to tease animals nonstop? Even humans would snap—why not monkeys? Wouldn’t you want to hit back too?,anger
0x02bf4b,He said “my bad” like that undoes everything,anger
0x5e6f63,"I'm not advocating eating the pain away, but bring apples just in case.",anger
0x02c065,Nothing like slow Wi-Fi to ruin my day,anger
0x21a8ff,<USER> <USER> How awful!!!!!!,anger
0x86b896,You don’t understand the design of our government.,anger
0xefa826,"I never believe draft rumors of who teams are looking at or wanting, especially if its fan rumors.",anger
0x9f9af3,"His style may be tacky, fine—but not “suggestive.” Some see a good figure and instantly sexualize it.",anger
0xe788c8,Not fun at all — got angry and came home on New Year’s Eve. Those snobbish relatives aren’t worth visiting.,anger
0xd72d47,Why have #Emmerdale had to rob #robron of having their first child together for that vile woman/cheating sl smh #bitter,anger
0x9dbecb,Now you tell me! I’m heading at high speed towards a one-third-life crisis and need a change.,anger
0xe87250,It doesn’t help,anger
0xd142bc,Every buyer paid for that dance clip — that’s exactly why the livestream was shut down.,anger
0xb81221,"Online gaming is toxic. If those cuts were ever tapped, there would be lots of people in jail.",anger
0xeca0ce,"you can please some of the people, some of the time, but you can't please all of the people, all of the time...",anger
0x9c2d4f,The nerve to constantly mess things up.,anger
0xcf7f1a,<NAME> ! Get a DAMN good lawyer! Glad you're okay.,anger
0xeb6f24,"Sweetie, you claim you’re happy but you sure don’t sound like it.",anger
0xe12011,You sure seem angry. #itwillbeokay,anger
0xe69881,"If you are into sours they put out some decent stuff, but anything outside of that is completely forgettable and average.",anger
0xf0643d,is not needed for dogs. Wrong. In *this* case it wasn’t. It very often is.,anger
0xbb6514,Freaking hate cats (that are like that),anger
0x69dc6f,"Somewhere I rd a rpt tht Pakis wr afraid of TSD & asked it 2 shut dn. Congis obliged & exposed it,hounded them.time to revive. #BadlaofUri",anger
0xc328b2,"The bathroom on the first floor at my school had no soap dispenser, a destroyed toilet, and toilet paper so long it left the bathroom.",anger
0x1a2c37,"Oh wow, that’s unexpectedly good!",surprise
0x3749e7,"I thought you looked familiar, get back over to r/NCAAW",surprise
0x41876f,"I don’t even know what this show is, it’s basically “increasingly outlandish things happen to young people” the TV show.",surprise
0x676533,Wow that's a really great explanation. Makes sense!,surprise
0xcabcff,Any good reading on <NAME> ? I don't really know if I like her or not.,surprise
0xcbbf62,You're that Ninja...,surprise
0x36ef0f,Because they don't realize that the Act of Union occurred. Either that or people don't like that this guy is being pedantic.,surprise
0x265159,Adapt or die.,surprise
0x2c7f8c,Completely unforeseen and wild!,surprise
0xdb4ea0,How. Just how,surprise
0xb6d5f1,Completely unexpected and amazing!,surprise
0x369e57,"If donors really exist, I just want to know—what mindset did they have? Please satisfy my curiosity~",surprise
0xc6539d,Couples call each other insane and crazy from time to time. It doesn’t mean they actually think they are.,surprise
0x16599f,"I have had this same bug once as well. Idk what caused it, but it fixed itself next",surprise
0x2dc142,"I mean... It also has Strength as a ""fantasy power""? I don't get this joke",surprise
0x1b3d4b,"Oh wow, that caught me off guard!",surprise
0x55b241,I want to know what goes through someone's mind when they do this.,surprise
0x1a2bab,That’s a shocking but fun surprise!,surprise
0xdf5498,"I'm curious as to how HIMYM affected you, if you would like to explain. I've watched it so many times.",surprise
0xab8008,"Police aside, storms and high tides may make things a little tricky",surprise
0x0b393c,Ah I was confused which side you were on P,surprise
0x1b3d75,"Oh wow, what a twist!",surprise
0x1b3dfe,"Oh my, genuinely shocked!",surprise
0x1324c1,Maybe that's what the jerseys looked like 7 years ago when that photo of <NAME> was taken.,surprise
0xdccd65,Definitely surprised we took out <NAME> there. We needed to finish the quarter strong and it went straight to shit when he left.,surprise
0x4f85a8,Such a <NAME> thing to do. Next thing we know he will speculate that <NAME> and <NAME> will sign by February 31st at the latest.,surprise
0x3b199b,"...starts Jan 1. ""Published Jan 2"" Way to hit that breaking news.",surprise
0x2b4524,What type of migraine do you think it is? Hope you get better soon,surprise
0xb8a8f8,Does this not happen to all people? If not then at least I found out a little more about why this always happens to me.,surprise
0x104ea1,I was just thinking how normal his legs and feet look!,surprise
0xda190c,This cut so terribly deep and touched places I had hidden away. I'm at a loss for words.,sadness
0x0011dd,I feel trapped in a sadness that never leaves me.,sadness
0xbbdd00,Some moments that should be joyful only remind me of loss.,sadness
0x1a2bef,I wish I could cry without anyone noticing.,sadness
0x1a2bfe,I feel like everything I do is never enough.,sadness
0x31c51d,It's not cool that so many are going without pay and unable to make rent or buy groceries. Is a travesty that a manufactured crisis has come to this,sadness
0xaa7979,"Through this exhausting journey, facing all the disputes, he never gave up — still training diligently. I hope his innocence will be proven soon!",sadness
0x8af138,if it wasn't him it would be someone else she's wasting her life on,sadness
0xc56a86,I tried to but i ended up booing the postman,sadness
0x927024,"There’s a lot of us ladies here, unfortunately pensive_face",sadness
0x1a2dda,I feel like joy has abandoned me completely.,sadness
0x1a2d4f,Even the smallest pleasures feel impossible to enjoy.,sadness
0x7f8a9b,Everything around me feels muted,sadness
0x1a2cb9,Even the streets I walk daily feel cold and distant.,sadness
0x71a809,6 and he died of cancer iirc,sadness
0x1a2dd7,Even the coziest corners of my home feel empty and hollow.,sadness
0xec589e,I got offered a couple of batches. They weren't 100% terrible but I feel like they could've been better so I didn't take them.,sadness
0x6680aa,"I misunderstood ""come back strong""",sadness
0xe72f7b,Same frowning_face,sadness
0x5aa442,"Comments like these are the biggest reason I get so pissed off about fucking centrists crying about the ""both sides"" argument.",sadness
0x6db860,"It still baffles me how they cover for him, and his trace amounts, when they’re in his body because he cheated in the first place.",sadness
0xde7791,<USER> #CharlotteProtest do u #wait 4 the facts #video or do u #hate now ask questions later #sad #protest #PoliceShootings #suggestions,sadness
0x89b1ae,My whole life’s been a lie,sadness
0x738a42,Anyone that emotional that passes on gains because of some grudge he holds for a coin shouldn't be involved in crypto.,sadness
0x40dce9,He said he’d come back,sadness
0xbb3809,"Yes of mine worry, no one liked mine either.",sadness
0x667733,I wish I could see the world through lighter eyes.,sadness
0x33ae71,"We're in contained depression. Only new economic engine is #Sustainability, say Joel <USER> + <USER> @ #VERGEcon. #NewGrandStrategy",sadness
0xddeeee,Even memories of laughter now feel like echoes in a hollow room.,sadness
0x28f895,This whole sub makes me sad.,sadness
