text,true_emotion,predicted_emotion
"@marcavis @AntisocialJW2 I've always been fiery, but never radical.",anger,anger
Having a baby born too soon is #lifechanging 6 years on and it feels like only yesterday #sad #happy  #emotionalrollercoaster,anger,sadness
i live and die for mchanzo honeymoon crashing and burning the second they move in together,anger,sadness
"@Yoshi_OnoChin can you please not have Canadian players play US players, that lag  is atrocious. #fixthisgame #trash #sfvrefund ",anger,anger
@LiamCannon1 He's just too raging to type properly... Ha ha!,anger,anger
"@FluDino Event started! everyone is getting ready to travel to the lake of rage, where everything glows",anger,joy
For the first time in my madden career I just set up a farm account. Should make MOTM much easier,anger,joy
"You're so thirsty for the chance to disagree w/ the left, that you don't even realize when something is an affront to your bigoted platform.",anger,anger
@DJ_JeanFranko growl!!!,anger,anger
Everybody talking about 'the first day of fall' but summer '16 is never gonna die #revenge @Drake,anger,sadness
@ZubairSabirPTI  pls dont insult the word 'Molna',anger,anger
"@reluctantnicko Don't ask, you don't get. Apologies if I've offended you. All due respect Alan, I think you've been fed duff info.",anger,sadness
@IllinoisLoyalty that Rutgers game was an abomination. An affront to God and man. We must never speak of it again.,anger,sadness
"Just watched Django Unchained, Other people may frown, but I titter in delight! 2/5",anger,joy
"Is it me, or is Ding wearing the look of a man who's just found his arch enemy in bed with his missus? #angryman ",anger,anger
My eyes have been dilated. I hate the world right now with the rage of a thousand fiery dragons. I need a drink.,anger,anger
"@MaddenFreestyle i turn the game on wanting to play madden, and before i load up a game i just turn it off now.",anger,sadness
Just joined #pottermore and was sorted into HUFFLEPUFF 😡😡😡 #fuming,anger,anger
@komal_sidhnani true...\nThey r burning with other's pleasure!\nPpl in true love happiness everywhere _😃,anger,joy
"@CozanGaming that's what lisa asked before she started raging at me, 'can I call you?' heh",anger,anger
Trying to book holiday flights on @britishairways website is becoming a #nightmare,fear,fear
I don't want speak front to him   #nopanicattack,fear,fear
"Gahh...BT, in queue for 30 minutes.. Now put through to BT Sport dept to cancel... back in a queue again... ",fear,sadness
So about 18mths ago i signed up to @Lumo_Energy for their @VirginAustralia / Velocity FF deal. 18 months in still no FF points ,fear,sadness
#Awareness seek #shelter .#Letgo Old #habit of chasing #desires resultin in #anger #fear #worry .#Choose #Satisfaction within #Peace #Relax,fear,anger
It really is amazing the money they give to some of these QB's #nfl #texans #brock #terrible,fear,sadness
About 7 weeks till I can pick up my camera again. Though I think there is a group cemetery shoot in october I can make! #photography #horror,fear,fear
"By officialy adopting #BurhanWani, a #Hizbul terrorist, #Pakistan n #NawazSharif hv md a cardinal mistake 2day tht'll haunt fr years. #UNGA",fear,anger
The Apocalypse has hit our gym and it's  nothing what I thought it would be...\n\nEveryone is wearing vests! What if it's contagious? #afraid,fear,fear
It really is amazing the money they give to some of these QB's #nfl #texans #brock ,fear,sadness
"@JeffersonLake speaking of ex cobblers, saw Ricky Holmes at Charlton last week.. tracking back &amp; defending... I dread seeing Gorre on ball..",fear,sadness
Bout ta get my @dontbreathe on up in here! @WarrenTheaters #nervous #icantholdmybreaththatlong,fear,fear
"Are you worrying/worried?\n1Peter 5:7\nThrow all your worry on him, because he cares for you.#faith #leadership #worry #mindfulness #success",fear,fear
@joey_coops yes Hun! Avoid at all costs!! ,fear,anger
"He called me fat, so I pushed him into the lockers then he threaten to sue me' 😂",fear,anger
@TheDappaMc also £2.50 for a chocolate Feast ice lolly.. proper shocking 😩,fear,anger
Whatt a trailerrrr !!! @karanjohar @AnushkaSharma #RanbirKapoor #AishwaryaRaiBachchan i am COMPLETELY BLOWN !! #awestruck #longingformore,fear,joy
Dunno y am going to the Yorkshire scare grounds when I only lasted a minute in the Alton towers one before running out a fire exit crying,fear,fear
@SAHARTHERAPPER I unfollowed without hesitation &lt;3,fear,joy
Losing to Villa...'@M0tivati0nQuote: Most of the things people worry about are things that won't even matter to them a few months from now.',fear,sadness
I love my family so much #lucky #grateful #smartassfamily  #love,joy,joy
Somebody who has braved the storm is brewing. ,joy,sadness
Somebody who has braved the storm is brewing. #cheerful,joy,joy
A #new day to #live and #smile. Hope all the #followers a nice #night or #day. :D,joy,joy
"@DocBellsSwan *peers down at you, eyes crinkling with mirth and affection* I do love ye so, my bonnie Belle.",joy,joy
"@len_snart Mick nods. 'I would like that.' He went back to his food, smiling as he finished it.",joy,joy
@Bridget_Jones was joyous. Worried I would be disappointed. Most definitely was not. #chickflick #giggles #comethefuckonbridget,joy,joy
@Bluebelle89 @lsmith855 liking the optimism,joy,joy
It feels good to get outside for a minute and get some fresh air.  It's hard to stay cooped up inside all day #breezy,joy,joy
"@Casper10666 I assure you there is no laughter, but increasing anger at the costs, and arrogance of Westminster.",joy,anger
"@PhilGlutting Hey There Phil Glutting thank you for following us, it's appreciated :) ",joy,joy
@GameGrumps THANK YOU SO MUCH FOR COMING TO DETROIT I'm going to sob joyful rainbows now brb,joy,joy
"I'm absolutely in love with Laurie Hernandez, she's so adorable and is always so cheerful!",joy,joy
Val reminds me of one of the cheerful witches that looks after Aurora in Disney’s Sleeping Beauty. #GBBO,joy,joy
@Communism_Kills i get the subway melt and make sure it's only hearty italian bread... black olives are a must though,joy,joy
@NateBLoL no it was that clear American naturally flavored sparkling water,joy,sadness
"A cheerful heart is good medicine, but a broken spirit saps a person's strength.' {Proverbs 17:22} #WednesdayWisdom",joy,joy
@GigaFag @pipertownsend_ snapchat new would beg to differ #optimism,joy,joy
"@theclobra lol I thought maybe, couldn't decide if there was levity or not",joy,sadness
"Ready for that nice, breezy, calm, sunshine weather.🍂🍁 #Autumn",joy,joy
Soooo badly want to dye my hair dark but have never been dark before soooo torn 😭😭😭,sadness,sadness
@trashcami this cured my depression,sadness,joy
If Angelina Jolie can't keep a man no one can. Today we mourn because Love is dead,sadness,sadness
"@Eeevah14 don't I know it, try not to fret my sweet little pupper",sadness,fear
I feel like an appendix. I don't have a purpose.  #depressed  #alone #lonely #broken  #cry #hurt #crying #life,sadness,sadness
"A pessimist is someone who, when opportunity knocks, complains about the noise #mikeshumor",sadness,sadness
@1johndes ball watching &amp; Rojo'd header was equally dreadful!!,sadness,anger
I can't WAIT to go to work tomorrow with a high as fuck fever. [sarcasm]\nHopefully I'll feel better tomorrow.\nBut I doubt it. #pessimism,sadness,sadness
"Just watched Django Unchained, Other people may frown, but I titter in delight! 2/5",sadness,joy
"340:892 All with weary task fordone.\nNow the wasted brands do glow,\nWhilst the scritch-owl, scritching loud,\n#AMNDBots",sadness,sadness
Folk Band 'Thistle Down' will be replaced by 'The Paul Edwards Quartet' at Laurel Bank Park Sat 24 11am - 3pm due to ill health #jazz ,sadness,sadness
@Barcabhoy1 Of course not. Didn't sink his studs into a knee like Forrester,sadness,anger
"We are about a little over an hour away! We will arrive soon, do not fret!",sadness,joy
and for inconsolable Oxford academics - 'Brussels should just ignore the #Brexit vote and tell the UK it can't leave the EU....ever....wah',sadness,anger
This world has some serious issues we should all go to therapy,sadness,sadness
@abra @abra @abra what're you doing to my ears? To my soul?! #GoodMusic #melancholy,sadness,sadness
"@GRIPLIKEAVICE_ I wouldn't mind if it didn't you know, threaten my job when I disagree. Puts a damper on things.",sadness,fear
My life went from happy to unhappy..,sadness,sadness
Buddha doesn't possess enough power to deliver you from your affliction!,sadness,sadness
"Before the year ends I'll probably get master 12s or flu games, true blues, and space jams.",sadness,joy
